{"cameraMode":{"drawMode":0,"name":"Shaded","section":"Shading Mode"},"sceneLighting":false,"audioPlay":false,"sceneViewState":{"m_AlwaysRefresh":false,"showFog":true,"showSkybox":false,"showFlares":true,"showImageEffects":true,"showParticleSystems":true,"showVisualEffectGraphs":true,"m_FxEnabled":true},"in2DMode":false,"pivot":{"x":2.3434677124023439,"y":-0.394942045211792,"z":-9.847052574157715},"rotation":{"x":-0.0029289426747709514,"y":-0.9968729019165039,"z":0.048707298934459689,"w":-0.06379599869251251},"size":8.47266960144043,"orthographic":false}