{"cameraMode":{"drawMode":0,"name":"Shaded","section":"Shading Mode"},"sceneLighting":true,"audioPlay":false,"sceneViewState":{"m_AlwaysRefresh":false,"showFog":true,"showSkybox":true,"showFlares":true,"showImageEffects":true,"showParticleSystems":true,"showVisualEffectGraphs":true,"m_FxEnabled":true},"in2DMode":false,"pivot":{"x":17.123943328857423,"y":14.331305503845215,"z":-6.1227312088012699},"rotation":{"x":0.4221362769603729,"y":-0.3682257831096649,"z":0.19344806671142579,"w":0.805698573589325},"size":12.124356269836426,"orthographic":false}