{"cameraMode":{"drawMode":0,"name":"Shaded","section":"Shading Mode"},"sceneLighting":false,"audioPlay":false,"sceneViewState":{"m_AlwaysRefresh":false,"showFog":true,"showSkybox":false,"showFlares":true,"showImageEffects":true,"showParticleSystems":true,"showVisualEffectGraphs":true,"m_FxEnabled":true},"in2DMode":false,"pivot":{"x":-0.9170193076133728,"y":0.33203139901161196,"z":-2.4646151065826418},"rotation":{"x":0.0009482524474151433,"y":0.9985376000404358,"z":-0.05278253182768822,"w":0.01946847513318062},"size":4.4308319091796879,"orthographic":false}