{"cameraMode":{"drawMode":0,"name":"Shaded","section":"Shading Mode"},"sceneLighting":false,"audioPlay":false,"sceneViewState":{"m_AlwaysRefresh":false,"showFog":true,"showSkybox":false,"showFlares":true,"showImageEffects":true,"showParticleSystems":true,"showVisualEffectGraphs":true,"m_FxEnabled":true},"in2DMode":false,"pivot":{"x":-127.27965545654297,"y":-26.364151000976564,"z":-193.56503295898438},"rotation":{"x":-0.04590216279029846,"y":0.9540929794311523,"z":-0.21717965602874757,"w":-0.2018534243106842},"size":262.94146728515627,"orthographic":false}