{"cameraMode":{"drawMode":0,"name":"Shaded","section":"Shading Mode"},"sceneLighting":false,"audioPlay":false,"sceneViewState":{"m_AlwaysRefresh":false,"showFog":true,"showSkybox":false,"showFlares":true,"showImageEffects":true,"showParticleSystems":true,"showVisualEffectGraphs":true,"m_FxEnabled":true},"in2DMode":false,"pivot":{"x":1.3819953203201295,"y":1.3687878847122193,"z":-17.097780227661134},"rotation":{"x":0.0005633152322843671,"y":-0.9992908835411072,"z":0.010795693844556809,"w":0.03909024968743324},"size":10.465124130249024,"orthographic":false}