{"cameraMode":{"drawMode":0,"name":"Shaded","section":"Shading Mode"},"sceneLighting":false,"audioPlay":false,"sceneViewState":{"m_AlwaysRefresh":false,"showFog":true,"showSkybox":false,"showFlares":true,"showImageEffects":true,"showParticleSystems":true,"showVisualEffectGraphs":true,"m_FxEnabled":true},"in2DMode":false,"pivot":{"x":-1.9016263484954835,"y":0.8188234567642212,"z":6.887328147888184},"rotation":{"x":-0.059580154716968539,"y":0.26342931389808657,"z":-0.016303090378642083,"w":-0.9627019166946411},"size":8.834380149841309,"orthographic":false}